<?xml version="1.0"?>
<metadata xml:lang="en"><Esri><CreaDate>20141103</CreaDate><CreaTime>01114848</CreaTime><ArcGISFormat>1.0</ArcGISFormat><SyncOnce>FALSE</SyncOnce><ModDate>20150116</ModDate><ModTime>14335000</ModTime><DataProperties><coordRef><csUnits>Decimal Degree</csUnits><geogcsn>WGS 84</geogcsn><peXml><wktVar>&lt;ProjectedCoordinateSystem&gt;&lt;WKT&gt;GEOGCS["WGS 84",DATUM["World Geodetic System 1984 [EPSG ID 6326]",SPHEROID["WGS 84 [EPSG ID 7030]",6378137.0,298.257223563]],PRIMEM["Greenwich",0.0],UNIT["Decimal Degree",0.01745329251994328]]&lt;/WKT&gt;&lt;XOrigin&gt;-85&lt;/XOrigin&gt;&lt;YOrigin&gt;40&lt;/YOrigin&gt;&lt;XYScale&gt;100000000&lt;/XYScale&gt;&lt;ZOrigin&gt;0&lt;/ZOrigin&gt;&lt;ZScale&gt;1&lt;/ZScale&gt;&lt;MOrigin&gt;0&lt;/MOrigin&gt;&lt;MScale&gt;1&lt;/MScale&gt;&lt;XYTolerance&gt;.00000002&lt;/XYTolerance&gt;&lt;ZTolerance&gt;0&lt;/ZTolerance&gt;&lt;MTolerance&gt;0&lt;/MTolerance&gt;&lt;HighPrecision&gt;&lt;/HighPrecision&gt;&lt;/ProjectedCoordinateSystem&gt;&lt;/peXml&gt;</wktVar></peXml><type Sync="TRUE">Geographic</type></coordRef><itemProps><itemName Sync="TRUE">RENEWABLE_ENERGY_LOCATION_WGS84</itemName><imsContentType Sync="TRUE">002</imsContentType><nativeExtBox><westBL Sync="TRUE">-79.595000</westBL><eastBL Sync="TRUE">-79.167000</eastBL><southBL Sync="TRUE">43.595000</southBL><northBL Sync="TRUE">43.864000</northBL><exTypeCode Sync="TRUE">1</exTypeCode></nativeExtBox><itemSize Sync="TRUE">0.002</itemSize><itemLocation><linkage Sync="TRUE">file://\\J2XD0111841\C$\Open data\Renewable Energy Installations\RENEWABLE_ENERGY_LOCATION_WGS84.shp</linkage><protocol Sync="TRUE">Local Area Network</protocol></itemLocation></itemProps></DataProperties><SyncDate>20150116</SyncDate><SyncTime>14335000</SyncTime></Esri><idinfo><citation><citeinfo><title>none</title><origin>none</origin><pubdate>01-12-2015</pubdate></citeinfo></citation><status><progress>Complete</progress><update>As needed</update></status></idinfo><dataIdInfo><themeKeys><keyword>renewable energy</keyword><keyword>installation</keyword><keyword>systems</keyword><keyword>solar</keyword><keyword>photovoltaic</keyword><keyword>pool heating</keyword><keyword>geothermal</keyword></themeKeys><idPurp>This dataset contains City of Toronto renewable energy installations on City-owned buildings. This includes the locations of currently installed renewable systems such as solarphtovoltaic,solat pool heating,getothernal, etc plus year of installation and the size of the system</idPurp><idAbs>The data is compiled by the Energy and Waste Management (Fcailities Management) and by other City Divisions.</idAbs><idCitation><resTitle>CITYGCS.COT_RENEWABLE_ENERGY</resTitle><presForm><PresFormCd value="005" Sync="TRUE"></PresFormCd></presForm></idCitation><resConst><Consts><useLimit>Source must be credited. Cannot be re-sold</useLimit></Consts></resConst><dataExt><geoEle><GeoBndBox><westBL>-82</westBL><eastBL>-77.8</eastBL><northBL>45.2</northBL><southBL>42</southBL></GeoBndBox></geoEle></dataExt><idPoC><rpIndName>Open Data Tema</rpIndName><rpOrgName>City of Toronto</rpOrgName><rpCntInfo><cntAddress><eMailAdd>opendata@toroonto.ca</eMailAdd></cntAddress></rpCntInfo><role><RoleCd value="005"></RoleCd></role></idPoC><envirDesc Sync="TRUE">Microsoft Windows 7 Version 6.1 (Build 7601) Service Pack 1; Esri ArcGIS 10.2.0.3348</envirDesc><dataLang><languageCode value="eng" Sync="TRUE"></languageCode><countryCode value="CAN" Sync="TRUE"></countryCode></dataLang><spatRpType><SpatRepTypCd value="001" Sync="TRUE"></SpatRepTypCd></spatRpType><dataExt><geoEle><GeoBndBox esriExtentType="search"><exTypeCode Sync="TRUE">1</exTypeCode><westBL Sync="TRUE">-79.595000</westBL><eastBL Sync="TRUE">-79.167000</eastBL><northBL Sync="TRUE">43.864000</northBL><southBL Sync="TRUE">43.595000</southBL></GeoBndBox></geoEle></dataExt></dataIdInfo><metainfo><D>99</D><langmeta>en</langmeta><mdDateSt><CreaDate>20141103 01114848</CreaDate></mdDateSt></metainfo><distinfo></distinfo><spdoinfo><ptvctinf><esriterm Name="RENEWABLE_ENERGY_LOCATION_WGS84"><efeatyp Sync="TRUE">Simple</efeatyp><efeageom code="1" Sync="TRUE"></efeageom><esritopo Sync="TRUE">FALSE</esritopo><efeacnt Sync="TRUE">59</efeacnt><spindex Sync="TRUE">FALSE</spindex><linrefer Sync="TRUE">FALSE</linrefer></esriterm></ptvctinf></spdoinfo><mdContact><rpOrgName>Geospatial Competency Centre</rpOrgName><rpIndName>.</rpIndName><rpCntInfo><cntAddress><city>Toronto</city><delPoint>18 Dyas Rd,  3rd Floor</delPoint><eMailAdd>gcc@toronto.ca</eMailAdd><postCode>M3B 1V5</postCode><adminArea>ON</adminArea></cntAddress><cntPhone><voiceNum>416-392-2506</voiceNum><faxNum>416-397-4900</faxNum></cntPhone></rpCntInfo><rpPosName>.</rpPosName></mdContact><eainfo><detailed Name="RENEWABLE_ENERGY_LOCATION_WGS84"><enttyp><enttypt>Feature Class</enttypt><enttypl>CITYGCS.COT_RENEWABLE_ENERGY</enttypl><enttypc>59</enttypc></enttyp><attr><attrlabl Sync="TRUE">FID</attrlabl><attalias Sync="TRUE">FID</attalias><attrtype Sync="TRUE">OID</attrtype><attwidth Sync="TRUE">4</attwidth><atprecis Sync="TRUE">0</atprecis><attscale Sync="TRUE">0</attscale><attrdef Sync="TRUE">Internal feature number.</attrdef><attrdefs Sync="TRUE">Esri</attrdefs><attrdomv><udom Sync="TRUE">Sequential unique whole numbers that are automatically generated.</udom></attrdomv></attr><attr><attrlabl>A_ADDRESS</attrlabl><attalias>A_ADDRESS</attalias><attrtype>VARCHAR2</attrtype><attwidth>131</attwidth><atprecis Sync="TRUE">0</atprecis><attscale Sync="TRUE">0</attscale></attr><attr><attrlabl>A_EASTING</attrlabl><attalias>A_EASTING</attalias><attrtype>NUMBER</attrtype><attwidth>22</attwidth><atprecis Sync="TRUE">10</atprecis><attscale Sync="TRUE">4</attscale></attr><attr><attrlabl>A_NORTHING</attrlabl><attalias>A_NORTHING</attalias><attrtype>NUMBER</attrtype><attwidth>22</attwidth><atprecis Sync="TRUE">10</atprecis><attscale Sync="TRUE">4</attscale></attr><attr><attrlabl>LONGITUDE</attrlabl><attalias>LONGITUDE</attalias><attrtype>NUMBER</attrtype><attwidth>22</attwidth><atprecis Sync="TRUE">13</atprecis><attscale Sync="TRUE">11</attscale></attr><attr><attrlabl>LATITUDE</attrlabl><attalias>LATITUDE</attalias><attrtype>NUMBER</attrtype><attwidth>22</attwidth><atprecis Sync="TRUE">13</atprecis><attscale Sync="TRUE">11</attscale></attr><attr><attrlabl>R_BUILDING</attrlabl><attalias>R_BUILDING</attalias><attrtype>VARCHAR2</attrtype><attwidth>254</attwidth><attrdef>Building name</attrdef><atprecis Sync="TRUE">0</atprecis><attscale Sync="TRUE">0</attscale></attr><attr><attrlabl>R_LOCATION</attrlabl><attalias>R_LOCATION</attalias><attrtype>VARCHAR2</attrtype><attwidth>255</attwidth><attrdef>Address for renewable energy project</attrdef><atprecis Sync="TRUE">0</atprecis><attscale Sync="TRUE">0</attscale></attr><attr><attrlabl>R_TYPE</attrlabl><attalias>R_TYPE</attalias><attrtype>VARCHAR2</attrtype><attwidth>254</attwidth><attrdef>Type of installation (e.g. Solar Pool Heating, Solar Photovoltaic)</attrdef><atprecis Sync="TRUE">0</atprecis><attscale Sync="TRUE">0</attscale></attr><attr><attrlabl>R_YR_INSTA</attrlabl><attalias>R_YR_INSTA</attalias><attrtype>VARCHAR2</attrtype><attwidth>254</attwidth><attrdef>Year installed</attrdef><atprecis Sync="TRUE">0</atprecis><attscale Sync="TRUE">0</attscale></attr><attr><attrlabl>R_SIZE</attrlabl><attalias>R_SIZE</attalias><attrtype>NUMBER</attrtype><attwidth>22</attwidth><attrdef>Size of installation</attrdef><atprecis Sync="TRUE">0</atprecis><attscale Sync="TRUE">0</attscale></attr><attr><attrlabl>R_UNIT</attrlabl><attalias>R_UNIT</attalias><attrtype>VARCHAR2</attrtype><attwidth>254</attwidth><attrdef>Unit of measurement of maximum power</attrdef><atprecis Sync="TRUE">0</atprecis><attscale Sync="TRUE">0</attscale></attr><attr><attrlabl>R_ENERGY_0</attrlabl><attalias>R_ENERGY_0</attalias><attrtype>NUMBER</attrtype><attwidth>22</attwidth><attrdef>Energy output  (ekW)</attrdef><atprecis Sync="TRUE">0</atprecis><attscale Sync="TRUE">0</attscale></attr><attr><attrlabl>RUNIT2</attrlabl><attalias>RUNIT2</attalias><attrtype>VARCHAR2</attrtype><attwidth>254</attwidth><attrdef>Unit of measurement of maximum power</attrdef><atprecis Sync="TRUE">0</atprecis><attscale Sync="TRUE">0</attscale></attr><attr><attrlabl>R_LANDLORD</attrlabl><attalias>R_LANDLORD</attalias><attrtype>VARCHAR2</attrtype><attwidth>254</attwidth><attrdef>City of Toronto landlord</attrdef><atprecis Sync="TRUE">0</atprecis><attscale Sync="TRUE">0</attscale></attr><attr><attrlabl>R_SYS_OWNR</attrlabl><attalias>R_SYS_OWNR</attalias><attrtype>VARCHAR2</attrtype><attwidth>254</attwidth><attrdef>System Ownership</attrdef><atprecis Sync="TRUE">0</atprecis><attscale Sync="TRUE">0</attscale></attr><attr><attrlabl>R_CITY_NAM</attrlabl><attalias>R_CITY_NAM</attalias><attrtype>VARCHAR2</attrtype><attwidth>50</attwidth><attrdef>Name of former municipality within the amalgamated City of Toronto</attrdef><atprecis Sync="TRUE">0</atprecis><attscale Sync="TRUE">0</attscale></attr><attr><attrlabl>R_OBJECTID</attrlabl><attalias>R_OBJECTID</attalias><attrtype>NUMBER</attrtype><attwidth>22</attwidth><atprecis Sync="TRUE">10</atprecis><attscale Sync="TRUE">0</attscale></attr><attr><attrlabl>SHAPE</attrlabl><attalias>SHAPE</attalias><attrtype>SDO_GEOMETRY</attrtype><attwidth>64</attwidth><atprecis Sync="TRUE">0</atprecis><attscale Sync="TRUE">0</attscale><attrdef Sync="TRUE">Feature geometry.</attrdef><attrdefs Sync="TRUE">Esri</attrdefs><attrdomv><udom Sync="TRUE">Coordinates defining the features.</udom></attrdomv></attr></detailed></eainfo><spatRepInfo><VectSpatRep><geometObjs Name="RENEWABLE_ENERGY_LOCATION_WGS84"><geoObjTyp><GeoObjTypCd value="004" Sync="TRUE"></GeoObjTypCd></geoObjTyp><geoObjCnt Sync="TRUE">59</geoObjCnt></geometObjs><topLvl><TopoLevCd value="001" Sync="TRUE"></TopoLevCd></topLvl></VectSpatRep></spatRepInfo><mdLang><languageCode value="eng" Sync="TRUE"></languageCode><countryCode value="CAN" Sync="TRUE"></countryCode></mdLang><distInfo><distFormat><formatName Sync="TRUE">Shapefile</formatName></distFormat><distTranOps><transSize Sync="TRUE">0.002</transSize></distTranOps></distInfo><mdHrLv><ScopeCd value="005" Sync="TRUE"></ScopeCd></mdHrLv><mdHrLvName Sync="TRUE">dataset</mdHrLvName><refSysInfo><RefSystem><refSysID><identCode code="0" Sync="TRUE"></identCode></refSysID></RefSystem></refSysInfo><mdDateSt Sync="TRUE">20150116</mdDateSt></metadata>
